alpha,n,n_treated,estimate,se,ci_lower,ci_upper,kappa_star
0.0,2675,185,-1018.2658505217792,996.6177190597573,-2971.6365798789034,935.1048788353451,2.57123413281508
0.01,2675,185,-1018.2658505217792,996.6177190597573,-2971.6365798789034,935.1048788353451,2.57123413281508
0.05,351,176,-1339.9648262711314,1336.9426889194774,-3960.3724965533074,1280.4428440110444,1.549237258735107
0.1,274,173,-262.9602033143548,1199.3441865645557,-2613.674808980884,2087.7544023521746,1.2812210266131543
0.15,255,172,1075.5262302040596,982.3482323668351,-849.876305234937,3000.928765643056,1.2435211996600268
0.2,202,135,785.6882061535329,1086.210461409258,-1343.2842982086127,2914.6607105156786,1.1072165137284686
0.25,136,86,531.1922504898517,1308.4820467731213,-2033.432561185466,3095.8170621651693,1.0306015598694607
0.3,104,60,126.93500643028466,1365.7718156234973,-2549.97775219177,2803.8477650523396,1.0091071867306471
